1,Shaunna Jacobson
2,Emmanuel Snow
3,Brandi Hail
4,Carolina Huerta
5,Markus Corrigan
6,Honey Rich
7,Thomas Hyde
8,Kyle Cameron
9,Tegan Hodgson
10,Sophie Rigby
11,Cydney Burnett
12,Aiesha Colon
13,Samiya Schroeder
14,Herbert Swanson
15,Osama Kaur
16,Skylah Frazier
17,Szymon Simmonds
18,Wesley Mcintosh
19,Aiyla Burch
20,Cole Short
21,Louie Bowman
22,Mylah Mayo
23,Lianne Craft
24,Fabien Young
25,Willa Parry
26,Daniel Goff
27,Esmay Schwartz
28,Ellena Cannon
29,Lewys Whitworth
30,Beau Wagner
31,Abdullah Montgomery
32,Manahil Hulme
33,Tayyib Lopez
34,Shazia Mill
35,Samantha O'Brien
36,Uzma Swift
37,Aya Coulson
38,Franco Goulding
39,Kaylee Ayers
40,Haya Ferrell
41,Elleanor Holding
42,Gloria Howard
43,Shania Hume
44,Sayed Steadman
45,Astrid Howe
46,Ella Woodward
47,Calista Riley
48,Jaydon Hardin
49,Rafi Anderson
50,Izzie Wolfe
51,Marcel Wharton
52,Esa Rowe
53,Jude Beck
54,Alex Benitez
55,Reggie Marriott
56,Omer Rhodes
57,Luther Redmond
58,Keagan Coffey
59,Brooke Portillo
60,Autumn George
61,Jess Andrews
62,Tonisha Farley
63,Lilly Cochran
64,Michael Rosa
65,Jack Cross
66,Zaid Ballard
67,Elowen Haley
68,Janet Pineda
69,Krzysztof Monaghan
70,Zakir Sheridan
71,Vijay Morse
72,Emelia Rutledge
73,Ned Braun
74,Gwion Rivas
75,Caelan Hampton
76,Emerson Logan
77,Layan Marsh
78,Piotr Weeks
79,Jasmine Cervantes
80,Renae Simons
81,Conal Boyle
82,Fintan Cooper
83,Leland Noble
84,Mariam Wicks
85,Masuma Chester
86,Haidar Branch
87,Sameeha Tang
88,Lillia England
89,Solomon Stubbs
90,Theodore Corbett
91,Mylie Mathis
92,Onur Nielsen
93,Christina Mcmanus
94,Reanna Benson
95,Makenzie Kelly
96,Abbigail Vega
97,Sorcha Buckley
98,Mai Cowan
99,Tammy Brock
100,Julius Macleod
